{"cameraMode":{"drawMode":0,"name":"Shaded","section":"Shading Mode"},"sceneLighting":false,"audioPlay":false,"sceneViewState":{"showFog":true,"showMaterialUpdate":true,"showSkybox":false,"showFlares":true,"showImageEffects":true,"showParticleSystems":true},"in2DMode":false,"pivot":{"x":-28.343507766723634,"y":0.6795845031738281,"z":-7.000373363494873},"rotation":{"x":-0.12452036142349243,"y":-0.37562546133995058,"z":0.05110032111406326,"w":-0.9170048832893372},"size":70.71067810058594,"orthographic":false}