{"cameraMode":{"drawMode":0,"name":"Shaded","section":"Shading Mode"},"sceneLighting":false,"audioPlay":false,"sceneViewState":{"showFog":false,"showMaterialUpdate":true,"showSkybox":false,"showFlares":true,"showImageEffects":true,"showParticleSystems":true},"in2DMode":false,"pivot":{"x":-0.004265308380126953,"y":3.0032830238342287,"z":5.251884460449219},"rotation":{"x":0.08980590105056763,"y":0.5046911835670471,"z":-0.052868809551000598,"w":0.8570516109466553},"size":1.338866949081421,"orthographic":false}