{"cameraMode":{"drawMode":0,"name":"Shaded","section":"Shading Mode"},"sceneLighting":true,"audioPlay":false,"sceneViewState":{"showFog":false,"showMaterialUpdate":true,"showSkybox":true,"showFlares":true,"showImageEffects":true,"showParticleSystems":true},"in2DMode":false,"pivot":{"x":-20.03984832763672,"y":-2.480729103088379,"z":-7.563216209411621},"rotation":{"x":0.25604182481765749,"y":0.6004441380500794,"z":-0.2113114893436432,"w":0.7275093793869019},"size":7.721535682678223,"orthographic":false}