{"cameraMode":{"drawMode":0,"name":"Shaded","section":"Shading Mode"},"sceneLighting":false,"audioPlay":false,"sceneViewState":{"showFog":true,"showMaterialUpdate":true,"showSkybox":false,"showFlares":true,"showImageEffects":true,"showParticleSystems":true},"in2DMode":false,"pivot":{"x":-33.36781692504883,"y":5.268433570861816,"z":-12.790334701538086},"rotation":{"x":-0.1560215801000595,"y":-0.41060346364974978,"z":0.07155460864305496,"w":-0.8955272436141968},"size":0.5544167757034302,"orthographic":false}