{"cameraMode":{"drawMode":0,"name":"Shaded","section":"Shading Mode"},"sceneLighting":true,"audioPlay":false,"sceneViewState":{"showFog":false,"showMaterialUpdate":true,"showSkybox":true,"showFlares":true,"showImageEffects":true,"showParticleSystems":true},"in2DMode":false,"pivot":{"x":-38.25037384033203,"y":-15.119192123413086,"z":-30.051559448242189},"rotation":{"x":-0.0630992203950882,"y":0.9312901496887207,"z":-0.19498582184314729,"w":-0.3012877106666565},"size":22.724929809570314,"orthographic":false}