{"cameraMode":{"drawMode":0,"name":"Shaded","section":"Shading Mode"},"sceneLighting":false,"audioPlay":false,"sceneViewState":{"showFog":true,"showMaterialUpdate":true,"showSkybox":false,"showFlares":true,"showImageEffects":true,"showParticleSystems":true},"in2DMode":false,"pivot":{"x":-17.452167510986329,"y":5.898798942565918,"z":-14.84575080871582},"rotation":{"x":-0.06375397741794586,"y":-0.7956504821777344,"z":0.08505802601575852,"w":-0.596368134021759},"size":0.7428460121154785,"orthographic":false}