{"cameraMode":{"drawMode":0,"name":"Shaded","section":"Shading Mode"},"sceneLighting":true,"audioPlay":false,"sceneViewState":{"showFog":true,"showMaterialUpdate":true,"showSkybox":true,"showFlares":true,"showImageEffects":true,"showParticleSystems":true},"in2DMode":false,"pivot":{"x":-14.934943199157715,"y":1.6705347299575806,"z":-15.614575386047364},"rotation":{"x":0.0681118369102478,"y":0.4846397936344147,"z":-0.03785264119505882,"w":0.8712841868400574},"size":1.5336755514144898,"orthographic":false}