{"cameraMode":{"drawMode":0,"name":"Shaded","section":"Shading Mode"},"sceneLighting":false,"audioPlay":false,"sceneViewState":{"showFog":true,"showMaterialUpdate":true,"showSkybox":false,"showFlares":true,"showImageEffects":true,"showParticleSystems":true},"in2DMode":false,"pivot":{"x":-37.6305046081543,"y":2.9229702949523927,"z":-20.05069351196289},"rotation":{"x":0.14906108379364015,"y":0.564214289188385,"z":-0.1043967604637146,"w":0.8053481578826904},"size":0.715252697467804,"orthographic":false}