{"cameraMode":{"drawMode":0,"name":"Shaded","section":"Shading Mode"},"sceneLighting":false,"audioPlay":false,"sceneViewState":{"showFog":true,"showMaterialUpdate":true,"showSkybox":false,"showFlares":true,"showImageEffects":true,"showParticleSystems":true},"in2DMode":false,"pivot":{"x":-29.933637619018556,"y":6.322775840759277,"z":-13.346382141113282},"rotation":{"x":-0.021519716829061509,"y":0.6041019558906555,"z":-0.016300752758979799,"w":-0.7964594960212708},"size":0.7720395922660828,"orthographic":false}