{"cameraMode":{"drawMode":0,"name":"Shaded","section":"Shading Mode"},"sceneLighting":true,"audioPlay":false,"sceneViewState":{"showFog":false,"showMaterialUpdate":true,"showSkybox":true,"showFlares":true,"showImageEffects":true,"showParticleSystems":true},"in2DMode":false,"pivot":{"x":-60.48945236206055,"y":-13.768243789672852,"z":-34.139312744140628},"rotation":{"x":-0.08208350837230683,"y":0.8644972443580627,"z":-0.1500760018825531,"w":-0.4727148115634918},"size":22.724929809570314,"orthographic":false}