{"cameraMode":{"drawMode":0,"name":"Shaded","section":"Shading Mode"},"sceneLighting":true,"audioPlay":false,"sceneViewState":{"showFog":true,"showMaterialUpdate":true,"showSkybox":true,"showFlares":true,"showImageEffects":true,"showParticleSystems":true},"in2DMode":false,"pivot":{"x":-28.409526824951173,"y":4.625980377197266,"z":-3.5365734100341799},"rotation":{"x":0.19920267164707185,"y":0.7253718376159668,"z":-0.2346685379743576,"w":0.6156906485557556},"size":0.804114580154419,"orthographic":false}