{"cameraMode":{"drawMode":0,"name":"Shaded","section":"Shading Mode"},"sceneLighting":false,"audioPlay":false,"sceneViewState":{"showFog":true,"showMaterialUpdate":true,"showSkybox":false,"showFlares":true,"showImageEffects":true,"showParticleSystems":true},"in2DMode":false,"pivot":{"x":-23.437698364257814,"y":2.442936897277832,"z":-20.375682830810548},"rotation":{"x":0.0033787661232054235,"y":0.9909912347793579,"z":-0.13157711923122407,"w":0.025571439415216447},"size":1.251379132270813,"orthographic":false}