{"cameraMode":{"drawMode":0,"name":"Shaded","section":"Shading Mode"},"sceneLighting":false,"audioPlay":false,"sceneViewState":{"showFog":false,"showMaterialUpdate":true,"showSkybox":false,"showFlares":true,"showImageEffects":true,"showParticleSystems":true},"in2DMode":false,"pivot":{"x":-14.401000022888184,"y":2.8966023921966554,"z":-12.706000328063965},"rotation":{"x":0.22172805666923524,"y":0.20670859515666963,"z":-0.04823996126651764,"w":0.9517829418182373},"size":0.9332336187362671,"orthographic":false}