{"cameraMode":{"drawMode":0,"name":"Shaded","section":"Shading Mode"},"sceneLighting":false,"audioPlay":false,"sceneViewState":{"showFog":true,"showMaterialUpdate":true,"showSkybox":false,"showFlares":true,"showImageEffects":true,"showParticleSystems":true},"in2DMode":false,"pivot":{"x":-29.162778854370118,"y":2.688014030456543,"z":-16.106462478637697},"rotation":{"x":0.10067293792963028,"y":-0.19921261072158814,"z":0.02041824348270893,"w":0.974633514881134},"size":0.35881251096725466,"orthographic":false}