{"cameraMode":{"drawMode":0,"name":"Shaded","section":"Shading Mode"},"sceneLighting":false,"audioPlay":false,"sceneViewState":{"showFog":false,"showMaterialUpdate":true,"showSkybox":false,"showFlares":true,"showImageEffects":true,"showParticleSystems":true},"in2DMode":false,"pivot":{"x":0.04412646219134331,"y":0.008882582187652588,"z":-0.40258073806762698},"rotation":{"x":0.06736553460359574,"y":0.8815171718597412,"z":-0.13273824751377107,"w":0.44824498891830447},"size":0.879314661026001,"orthographic":false}