{"cameraMode":{"drawMode":0,"name":"Shaded","section":"Shading Mode"},"sceneLighting":true,"audioPlay":false,"sceneViewState":{"showFog":true,"showMaterialUpdate":false,"showSkybox":false,"showFlares":true,"showImageEffects":true,"showParticleSystems":true},"in2DMode":false,"pivot":{"x":-46.957130432128909,"y":1.7273913621902466,"z":1.2012192010879517},"rotation":{"x":0.008867223747074604,"y":0.6541566848754883,"z":0.007618171162903309,"w":-0.7563108801841736},"size":14.568231582641602,"orthographic":false}