{"cameraMode":{"drawMode":0,"name":"Shaded","section":"Shading Mode"},"sceneLighting":false,"audioPlay":false,"sceneViewState":{"showFog":true,"showMaterialUpdate":false,"showSkybox":false,"showFlares":true,"showImageEffects":true,"showParticleSystems":true},"in2DMode":false,"pivot":{"x":-34.461936950683597,"y":4.670352935791016,"z":-12.355413436889649},"rotation":{"x":-0.16343806684017182,"y":0.47159382700920107,"z":-0.08966103196144104,"w":-0.8619657754898071},"size":1.1544170379638672,"orthographic":false}