{"cameraMode":{"drawMode":0,"name":"Shaded","section":"Shading Mode"},"sceneLighting":false,"audioPlay":false,"sceneViewState":{"showFog":true,"showMaterialUpdate":false,"showSkybox":false,"showFlares":true,"showImageEffects":true,"showParticleSystems":true},"in2DMode":false,"pivot":{"x":-22.395748138427736,"y":5.622101783752441,"z":-27.87928581237793},"rotation":{"x":-0.003489857539534569,"y":0.9969266653060913,"z":-0.06737200915813446,"w":-0.04278644546866417},"size":0.7934514880180359,"orthographic":false}