{"cameraMode":{"drawMode":0,"name":"Shaded","section":"Shading Mode"},"sceneLighting":false,"audioPlay":false,"sceneViewState":{"showFog":true,"showMaterialUpdate":false,"showSkybox":false,"showFlares":true,"showImageEffects":true,"showParticleSystems":true},"in2DMode":false,"pivot":{"x":-33.88317108154297,"y":2.4583139419555666,"z":-14.870909690856934},"rotation":{"x":0.045497965067625049,"y":0.9546647667884827,"z":-0.2079605907201767,"w":0.2085234671831131},"size":0.5090978741645813,"orthographic":false}