{"cameraMode":{"drawMode":0,"name":"Shaded","section":"Shading Mode"},"sceneLighting":false,"audioPlay":false,"sceneViewState":{"showFog":true,"showMaterialUpdate":false,"showSkybox":false,"showFlares":true,"showImageEffects":true,"showParticleSystems":true},"in2DMode":false,"pivot":{"x":-37.27367401123047,"y":-0.8712216019630432,"z":-19.220481872558595},"rotation":{"x":-0.13515594601631165,"y":0.53852379322052,"z":-0.08802761882543564,"w":-0.827049970626831},"size":2.1983628273010256,"orthographic":false}