{"cameraMode":{"drawMode":0,"name":"Shaded","section":"Shading Mode"},"sceneLighting":false,"audioPlay":false,"sceneViewState":{"showFog":true,"showMaterialUpdate":false,"showSkybox":false,"showFlares":true,"showImageEffects":true,"showParticleSystems":true},"in2DMode":false,"pivot":{"x":573.81103515625,"y":292.322265625,"z":-559.8125},"rotation":{"x":-0.005999937187880278,"y":0.0029999418184161188,"z":0.000017999867850448936,"w":0.9999775290489197},"size":712.9946899414063,"orthographic":true}