{"cameraMode":{"drawMode":0,"name":"Shaded","section":"Shading Mode"},"sceneLighting":true,"audioPlay":false,"sceneViewState":{"showFog":true,"showMaterialUpdate":true,"showSkybox":true,"showFlares":true,"showImageEffects":true,"showParticleSystems":true},"in2DMode":false,"pivot":{"x":-23.714933395385743,"y":0.7577592134475708,"z":-31.025529861450197},"rotation":{"x":-0.0025776554830372335,"y":0.9815380573272705,"z":-0.01325228065252304,"w":-0.19082611799240113},"size":12.12435531616211,"orthographic":false}