{"cameraMode":{"drawMode":0,"name":"Shaded","section":"Shading Mode"},"sceneLighting":false,"audioPlay":false,"sceneViewState":{"showFog":true,"showMaterialUpdate":false,"showSkybox":false,"showFlares":true,"showImageEffects":true,"showParticleSystems":true},"in2DMode":false,"pivot":{"x":-5.960464477539063e-8,"y":0.05022662878036499,"z":-0.011162638664245606},"rotation":{"x":-0.0028325486928224565,"y":0.9971076846122742,"z":-0.05690212920308113,"w":-0.05153447762131691},"size":0.8315509557723999,"orthographic":false}